goal_id,match_id,minute,goal_type,player_id,assist_player_id
g_m_0_0,m_0,17,regular,7c27d5bab218,
g_m_1_1,m_1,52,regular,cd66f9031624,
g_m_1_3,m_1,17,regular,63acd6bbcc7f,
g_m_2_0,m_2,80,regular,370443e6a067,
g_m_4_0,m_4,78,regular,386a6bda026a,
g_m_4_1,m_4,83,regular,9903ed8ed5c7,
g_m_4_2,m_4,26,regular,b2e094c45ad9,
g_m_5_0,m_5,45,regular,87cbfe8348c5,
g_m_5_1,m_5,69,regular,839f9cbdd383,
g_m_5_2,m_5,71,regular,87cbfe8348c5,
g_m_5_3,m_5,53,own_goal,fba529f86d08,
g_m_6_0,m_6,28,regular,f8c4ea628b7b,
g_m_6_2,m_6,29,regular,af5240ffe557,
g_m_6_3,m_6,36,regular,c40c84c042b0,
g_m_6_4,m_6,41,regular,c87105628d3f,
g_m_7_1,m_7,58,regular,7dce44bec720,
g_m_7_2,m_7,87,regular,364a440226e1,
g_m_9_2,m_9,4,regular,e78bc8905762,
g_m_9_3,m_9,63,regular,9711880fd203,
g_m_9_4,m_9,88,regular,9c1f223d2a9f,
g_m_11_2,m_11,82,own_goal,91bc95806c88,
g_m_12_0,m_12,17,regular,cacd3c8306ce,
g_m_12_1,m_12,54,regular,cacd3c8306ce,
g_m_14_0,m_14,47,regular,d26cea97abb6,
g_m_14_1,m_14,65,regular,ea1f38214224,
g_m_15_0,m_15,37,regular,ac8f9347ad1f,
g_m_15_1,m_15,66,regular,ea1f38214224,
g_m_15_2,m_15,76,regular,6923cb49cf91,
g_m_16_0,m_16,4,regular,412470e56da8,
g_m_16_1,m_16,57,regular,412470e56da8,
g_m_16_2,m_16,72,regular,6923cb49cf91,
g_m_16_3,m_16,87,regular,e5cf2b9c1030,
g_m_17_0,m_17,50,regular,e5cf2b9c1030,
g_m_18_0,m_18,1,regular,54e04a284bcc,
g_m_18_1,m_18,34,regular,22064d279c83,
g_m_18_2,m_18,17,regular,8733824e81bc,
g_m_18_3,m_18,40,regular,b848ce9ca9c1,
g_m_18_5,m_18,57,own_goal,6e26cf13158a,
g_m_18_6,m_18,75,regular,b848ce9ca9c1,
g_m_19_2,m_19,49,regular,ecae4ecf471b,
g_m_20_0,m_20,2,regular,7de8bc3129d6,
g_m_20_1,m_20,34,regular,30d05734e124,
g_m_20_3,m_20,60,regular,e0d9073fc9de,
g_m_20_4,m_20,86,regular,839f9cbdd383,
g_m_20_5,m_20,59,regular,2ccc0ca58623,
g_m_21_0,m_21,43,regular,87cbfe8348c5,
g_m_22_0,m_22,24,regular,8771e8c52f82,
g_m_23_1,m_23,77,regular,557c9527dcd4,
g_m_23_2,m_23,77,regular,9209c2b91768,
g_m_24_0,m_24,76,regular,87cbfe8348c5,
g_m_24_1,m_24,87,regular,87cbfe8348c5,
g_m_25_0,m_25,54,regular,2faf594a4247,
g_m_25_1,m_25,64,regular,ac8f9347ad1f,
g_m_26_0,m_26,67,regular,33bd20579dcf,
g_m_26_1,m_26,69,regular,8771e8c52f82,
g_m_27_0,m_27,26,regular,8513be199904,
g_m_27_1,m_27,31,regular,4b2bf07d11ce,
g_m_27_2,m_27,72,regular,e3b349f41de6,
g_m_27_3,m_27,76,regular,e3b349f41de6,
g_m_27_4,m_27,35,regular,6b0994bba9d8,
g_m_28_0,m_28,27,regular,2faf594a4247,
g_m_28_1,m_28,54,regular,87cbfe8348c5,
g_m_28_2,m_28,69,regular,b2e094c45ad9,
g_m_28_3,m_28,34,regular,8771e8c52f82,
g_m_29_0,m_29,52,regular,75540cf1c777,
g_m_29_1,m_29,41,regular,87cbfe8348c5,
g_m_29_2,m_29,88,regular,87cbfe8348c5,
g_m_29_3,m_29,55,regular,9e445cdb78f4,
g_m_30_0,m_30,25,regular,87cbfe8348c5,
g_m_30_1,m_30,42,regular,87cbfe8348c5,
g_m_30_2,m_30,49,regular,87cbfe8348c5,
g_m_30_3,m_30,58,regular,87cbfe8348c5,
g_m_30_4,m_30,85,regular,87cbfe8348c5,
g_m_30_5,m_30,55,regular,7bec21252203,
g_m_30_6,m_30,62,regular,7bec21252203,
g_m_30_7,m_30,90,regular,0b5a0375ecdc,
g_m_31_0,m_31,15,regular,4a44b530c908,
g_m_31_1,m_31,38,regular,764641801c61,
g_m_31_2,m_31,49,regular,764641801c61,
g_m_31_3,m_31,79,regular,cac722203c7a,
g_m_32_0,m_32,7,regular,a4eaf5c2c640,
g_m_32_1,m_32,26,regular,25133ecb2e62,
g_m_32_2,m_32,43,regular,386a6bda026a,
g_m_33_0,m_33,58,regular,828db5e2a2ec,
g_m_34_0,m_34,9,regular,61c92f4220d8,
g_m_35_0,m_35,27,regular,70827156e6db,
g_m_35_1,m_35,71,regular,70827156e6db,
g_m_35_2,m_35,88,regular,e6d14e5e7b68,
g_m_35_3,m_35,20,regular,eeaf6a2e6f16,
g_m_35_4,m_35,87,regular,72f1a9ddd71e,
g_m_36_0,m_36,45,regular,eeaf6a2e6f16,
g_m_36_1,m_36,90,regular,4da3e2a1300f,
g_m_37_0,m_37,90,regular,fb3c77787b49,
g_m_37_1,m_37,28,regular,e5cf2b9c1030,
g_m_38_1,m_38,55,regular,e5cf2b9c1030,
g_m_38_2,m_38,90,regular,e5cf2b9c1030,
g_m_38_3,m_38,70,regular,ea1f38214224,
g_m_38_4,m_38,77,regular,611cf874460f,
g_m_39_0,m_39,38,regular,6cee4d85ab51,
g_m_39_1,m_39,65,regular,6cee4d85ab51,
g_m_39_2,m_39,45,regular,a1f910f879ea,
g_m_39_3,m_39,27,regular,cc188b78ef86,
g_m_40_0,m_40,28,regular,9209c2b91768,
g_m_40_1,m_40,47,regular,54cf45987f97,
g_m_40_2,m_40,75,regular,dd5ece6fccc6,
g_m_40_3,m_40,105,regular,0022b25d5af2,
g_m_40_4,m_40,55,regular,c090ef873d65,
g_m_41_0,m_41,90,regular,29eaaea6c47b,
g_m_42_0,m_42,75,regular,22064d279c83,
g_m_42_1,m_42,90,regular,22064d279c83,
g_m_43_0,m_43,86,regular,66715c021def,
g_m_44_5,m_44,11,regular,24a9f2d389df,
g_m_45_0,m_45,74,regular,ea1f38214224,
g_m_45_2,m_45,90,regular,ea1f38214224,
g_m_46_0,m_46,26,regular,e5cf2b9c1030,
g_m_46_1,m_46,49,regular,e5cf2b9c1030,
g_m_46_4,m_46,83,regular,6923cb49cf91,
g_m_46_5,m_46,67,regular,61c92f4220d8,
g_m_46_6,m_46,75,regular,345c6349a881,
g_m_47_0,m_47,75,regular,7e9949100c1d,
g_m_48_0,m_48,21,regular,dd5ece6fccc6,
g_m_48_1,m_48,90,regular,348d6eb8652c,
g_m_48_2,m_48,85,regular,00670692ad33,
g_m_50_0,m_50,11,regular,87cbfe8348c5,
g_m_50_1,m_50,41,regular,87cbfe8348c5,
g_m_50_2,m_50,53,regular,7de8bc3129d6,
g_m_50_3,m_50,32,regular,6fbb82bae369,
g_m_51_1,m_51,69,regular,24a9f2d389df,
g_m_52_0,m_52,13,regular,ae16c2b849af,
g_m_52_1,m_52,37,regular,ae16c2b849af,
g_m_54_0,m_54,6,regular,e5cf2b9c1030,
g_m_54_1,m_54,14,regular,e5cf2b9c1030,
g_m_54_2,m_54,27,regular,24a9f2d389df,
g_m_55_0,m_55,45,regular,9209c2b91768,
g_m_56_0,m_56,35,regular,fba529f86d08,
g_m_56_1,m_56,43,regular,7de8bc3129d6,
g_m_56_2,m_56,45,regular,b4df8e2279d9,
g_m_56_3,m_56,90,regular,686be392c1b6,
g_m_57_1,m_57,88,regular,9209c2b91768,
g_m_58_0,m_58,3,regular,e8c955173e7c,
g_m_58_1,m_58,77,regular,c39544c995a8,
g_m_58_2,m_58,83,regular,f7883a96ac0e,
g_m_59_0,m_59,24,regular,e8c955173e7c,
g_m_59_1,m_59,65,regular,d2b0046087b4,
g_m_60_0,m_60,90,regular,9f8d65c6af8c,
g_m_60_1,m_60,10,regular,f39cf1138798,
g_m_60_2,m_60,43,regular,e580f0e3ee7f,
g_m_61_0,m_61,66,regular,f39cf1138798,
g_m_61_1,m_61,55,regular,b8390e3d6c1b,
g_m_62_0,m_62,30,regular,e5cf2b9c1030,
g_m_62_1,m_62,20,regular,51dc6968c186,
g_m_63_0,m_63,48,own_goal,5ab5729b7478,
g_m_63_1,m_63,66,regular,2189e06e0bd9,
g_m_63_2,m_63,69,regular,e5cf2b9c1030,
g_m_64_0,m_64,2,regular,7b283b1ab02a,
g_m_64_1,m_64,59,regular,ccbd632d8c07,
g_m_65_2,m_65,59,regular,2ccc0ca58623,
g_m_66_0,m_66,56,regular,d448e6ac5753,
g_m_67_0,m_67,43,regular,5b3d48aebcf2,
g_m_67_1,m_67,77,regular,088d751eb331,
g_m_68_0,m_68,55,regular,5e77faddb24f,
g_m_68_1,m_68,7,regular,6023f4f1acfa,
g_m_68_3,m_68,77,regular,e09e36e12ba2,
g_m_69_0,m_69,3,regular,7d9347e2b3f8,
g_m_69_1,m_69,86,regular,a4eaf5c2c640,
g_m_70_0,m_70,57,regular,4a44b530c908,
g_m_70_1,m_70,81,regular,3567058a8ee3,
g_m_71_0,m_71,5,regular,87cbfe8348c5,
g_m_71_1,m_71,40,regular,87cbfe8348c5,
g_m_71_2,m_71,55,regular,b2e094c45ad9,
g_m_71_3,m_71,90,regular,08a988ba1a6d,
g_m_72_0,m_72,12,regular,e6788c31e4a8,
g_m_72_1,m_72,45,regular,ed0602f09294,
g_m_73_1,m_73,63,regular,0da964a20930,
g_m_73_2,m_73,37,regular,c751b9dad8d0,
g_m_73_3,m_73,42,regular,e6788c31e4a8,
g_m_73_4,m_73,90,regular,27fc4c2b7cbc,
g_m_74_0,m_74,79,regular,6343fd378355,
g_m_74_1,m_74,90,regular,1cf5d1eb2968,
g_m_74_2,m_74,38,regular,87cbfe8348c5,
g_m_74_3,m_74,89,regular,839f9cbdd383,
g_m_75_0,m_75,71,regular,2faf594a4247,
g_m_75_1,m_75,50,regular,e580f0e3ee7f,
g_m_76_0,m_76,1,regular,f4e5921f873e,
g_m_77_0,m_77,64,regular,e09e36e12ba2,
g_m_77_1,m_77,90,regular,9e097cdc71da,
g_m_79_0,m_79,90,regular,c1318245891b,
g_m_79_1,m_79,90,regular,dbc6a4a41545,
g_m_79_3,m_79,82,regular,f4dfdd1a5eae,
g_m_80_0,m_80,9,regular,e5cf2b9c1030,
g_m_80_1,m_80,29,regular,ea1f38214224,
g_m_81_1,m_81,70,regular,a7f4f33c2420,
g_m_81_2,m_81,72,regular,2322c7075fdd,
g_m_81_3,m_81,7,regular,e5cf2b9c1030,
g_m_81_4,m_81,90,regular,e5cf2b9c1030,
g_m_82_2,m_82,73,regular,24a9f2d389df,
g_m_83_0,m_83,49,regular,24a9f2d389df,
g_m_84_0,m_84,8,regular,16e466edc35b,
g_m_84_1,m_84,50,regular,16e466edc35b,
g_m_84_2,m_84,55,regular,16e466edc35b,
g_m_84_3,m_84,66,regular,16e466edc35b,
g_m_84_4,m_84,43,regular,e5cf2b9c1030,
g_m_85_0,m_85,83,regular,ea1f38214224,
g_m_85_1,m_85,88,regular,5ab5729b7478,
g_m_86_0,m_86,60,regular,e09e36e12ba2,
g_m_86_2,m_86,89,regular,24a9f2d389df,
g_m_87_0,m_87,54,regular,87cbfe8348c5,
g_m_87_1,m_87,90,regular,30d05734e124,
g_m_88_0,m_88,67,regular,87cbfe8348c5,
g_m_88_1,m_88,90,regular,30d05734e124,
g_m_88_2,m_88,89,regular,d271f1975bde,
g_m_89_0,m_89,54,regular,6023f4f1acfa,
g_m_90_0,m_90,57,regular,bd9d32149235,
g_m_91_0,m_91,83,regular,a92669fe2fe9,
g_m_92_0,m_92,3,regular,a92669fe2fe9,
g_m_92_1,m_92,27,regular,a92669fe2fe9,
g_m_92_2,m_92,40,regular,feb656af0c9f,
g_m_93_0,m_93,3,regular,1cf5d1eb2968,
g_m_93_1,m_93,39,regular,6343fd378355,
g_m_93_2,m_93,42,regular,6343fd378355,
g_m_93_3,m_93,88,regular,89e11ac26ba5,
g_m_94_0,m_94,13,regular,5f5c9e60f31f,
g_m_94_1,m_94,53,regular,f39cf1138798,
g_m_94_2,m_94,6,regular,349a4457e27e,
g_m_95_1,m_95,55,regular,cd40f9aa1db2,
g_m_96_0,m_96,25,regular,031d41aaed7f,
g_m_96_1,m_96,45,regular,031d41aaed7f,
g_m_96_2,m_96,52,regular,031d41aaed7f,
g_m_97_0,m_97,58,regular,739d4fe59396,
g_m_97_2,m_97,4,regular,94fe4492bd53,
g_m_97_3,m_97,5,regular,c1318245891b,
g_m_97_4,m_97,61,regular,16e466edc35b,
g_m_97_5,m_97,71,regular,16e466edc35b,
g_m_98_0,m_98,38,regular,203ec5d985d9,
g_m_98_1,m_98,16,regular,739d4fe59396,
g_m_99_0,m_99,65,regular,1b69fb44d40a,
g_m_99_1,m_99,9,regular,686be392c1b6,
g_m_100_0,m_100,4,regular,8961943537b9,
g_m_100_1,m_100,42,regular,2f44a60c5afa,
g_m_101_0,m_101,21,regular,e5cf2b9c1030,
g_m_101_1,m_101,89,regular,e5cf2b9c1030,
g_m_101_2,m_101,13,regular,ea1f38214224,
g_m_101_3,m_101,57,regular,ea1f38214224,
g_m_101_4,m_101,52,regular,33f6d49288ec,
g_m_101_5,m_101,69,regular,33f6d49288ec,
g_m_101_6,m_101,90,regular,59829d1b9c4f,
g_m_102_0,m_102,31,regular,e5cf2b9c1030,
g_m_102_1,m_102,75,regular,495fb125af5f,
g_m_102_2,m_102,52,regular,33f6d49288ec,
g_m_102_3,m_102,87,own_goal,a83da41c9edf,
g_m_103_0,m_103,71,regular,aa4cc69224dc,
g_m_103_1,m_103,56,regular,ad170533262b,
g_m_104_0,m_104,5,regular,352430285071,
g_m_105_0,m_105,58,regular,36f3f4bec53e,
g_m_105_1,m_105,67,regular,bd9d32149235,
g_m_106_0,m_106,59,regular,e09e36e12ba2,
g_m_106_2,m_106,76,regular,24a9f2d389df,
g_m_106_3,m_106,57,regular,5fea42098291,
g_m_107_0,m_107,3,regular,33f6d49288ec,
g_m_107_1,m_107,27,regular,73486e236ffc,
g_m_107_2,m_107,57,regular,e5cf2b9c1030,
g_m_108_0,m_108,24,regular,c1318245891b,
g_m_108_1,m_108,37,regular,c1318245891b,
g_m_109_0,m_109,4,regular,f39cf1138798,
g_m_109_1,m_109,61,own_goal,4cb1df539470,
g_m_109_2,m_109,90,regular,e580f0e3ee7f,
g_m_109_3,m_109,27,regular,710a6bb2a13b,
g_m_110_1,m_110,87,regular,89e11ac26ba5,
g_m_112_0,m_112,36,regular,686be392c1b6,
g_m_112_2,m_112,60,regular,a92669fe2fe9,
g_m_112_3,m_112,72,regular,feb656af0c9f,
g_m_113_0,m_113,19,regular,ea1f38214224,
g_m_114_0,m_114,16,regular,5ab5729b7478,
g_m_114_1,m_114,20,regular,5ab5729b7478,
g_m_114_2,m_114,34,regular,e5cf2b9c1030,
g_m_114_3,m_114,90,regular,e5cf2b9c1030,
g_m_115_0,m_115,93,regular,5ab5729b7478,
g_m_115_1,m_115,110,regular,33f6d49288ec,
g_m_115_2,m_115,118,regular,ac8f9347ad1f,
g_m_115_3,m_115,120,regular,e5cf2b9c1030,
g_m_116_0,m_116,54,regular,dd2b531a16df,
g_m_116_1,m_116,36,regular,0022b25d5af2,
g_m_117_0,m_117,81,regular,2f44a60c5afa,
g_m_117_1,m_117,96,regular,710a6bb2a13b,
g_m_117_2,m_117,86,regular,89f7ca11eb8a,
g_m_117_3,m_117,114,regular,767237de5392,
g_m_122_0,m_122,90,regular,806f305f8ef8,
g_m_122_1,m_122,38,regular,acc211378cbb,
g_m_122_2,m_122,53,regular,651d52515660,
g_m_122_3,m_122,90,regular,cce5b1114e12,
g_m_123_0,m_123,36,regular,7d9347e2b3f8,
g_m_123_1,m_123,79,regular,c2dff28b6eec,
g_m_125_2,m_125,34,regular,704489641117,
g_m_125_4,m_125,63,regular,bd441b1892e7,
g_m_125_5,m_125,75,regular,4baffa9f4fb1,
g_m_126_0,m_126,26,regular,e5cf2b9c1030,
g_m_126_1,m_126,79,regular,ac8f9347ad1f,
g_m_127_0,m_127,25,regular,e5cf2b9c1030,
g_m_127_1,m_127,45,regular,e5cf2b9c1030,
g_m_127_2,m_127,52,regular,ea1f38214224,
g_m_127_3,m_127,20,regular,23d2e8af4325,
g_m_127_4,m_127,40,regular,59829d1b9c4f,
g_m_127_6,m_127,84,regular,59829d1b9c4f,
g_m_128_1,m_128,79,regular,baaaa9890058,
g_m_129_0,m_129,14,regular,c690dd3a44f3,
g_m_129_1,m_129,47,regular,c67f2cd83ffc,
g_m_129_2,m_129,56,regular,87e6ff05cb8d,
g_m_129_3,m_129,76,regular,7d9518a942ee,
g_m_130_0,m_130,13,regular,45d6e90f57f9,
g_m_130_1,m_130,43,regular,527240324e8f,
g_m_130_2,m_130,18,regular,c1318245891b,
g_m_131_0,m_131,3,regular,45d6e90f57f9,
g_m_131_1,m_131,70,regular,527240324e8f,
g_m_131_2,m_131,79,regular,45d6e90f57f9,
g_m_134_0,m_134,18,regular,aa4cc69224dc,
g_m_134_1,m_134,34,regular,aa4cc69224dc,
g_m_134_3,m_134,82,regular,85e2aeb1062e,
g_m_135_0,m_135,14,regular,aa4cc69224dc,
g_m_135_1,m_135,34,regular,aa4cc69224dc,
g_m_136_0,m_136,3,regular,a21ce51c53f3,
g_m_136_1,m_136,10,regular,a21ce51c53f3,
g_m_136_3,m_136,28,regular,1cfc068f1a4c,
g_m_137_0,m_137,14,regular,1cfc068f1a4c,
g_m_137_1,m_137,22,regular,704489641117,
g_m_137_2,m_137,27,regular,4baffa9f4fb1,
g_m_137_4,m_137,40,regular,0772c6fa873e,
g_m_137_5,m_137,64,regular,4baffa9f4fb1,
g_m_138_0,m_138,57,regular,6250eeef5a40,
g_m_140_0,m_140,8,regular,527240324e8f,
g_m_140_1,m_140,58,regular,45d6e90f57f9,
g_m_140_2,m_140,27,regular,e5cf2b9c1030,
g_m_141_0,m_141,23,regular,e5cf2b9c1030,
g_m_141_1,m_141,57,regular,527240324e8f,
g_m_142_0,m_142,77,regular,87cbfe8348c5,
g_m_142_1,m_142,80,regular,87cbfe8348c5,
g_m_142_2,m_142,90,regular,aa4cc69224dc,
g_m_143_0,m_143,7,regular,5fceb0c8d70c,
g_m_143_1,m_143,59,regular,4baffa9f4fb1,
g_m_143_3,m_143,15,regular,aa4cc69224dc,
g_m_143_4,m_143,29,regular,aa4cc69224dc,
g_m_144_2,m_144,90,regular,aa4cc69224dc,
g_m_144_3,m_144,55,regular,527240324e8f,
g_m_145_0,m_145,39,regular,6343fd378355,
g_m_145_1,m_145,78,regular,dd2b531a16df,
g_m_145_2,m_145,45,regular,23f03ddf4e16,
g_m_146_0,m_146,27,regular,22aae73f64df,
g_m_146_1,m_146,16,regular,3228f51ce773,
g_m_146_2,m_146,67,regular,6343fd378355,
g_m_147_0,m_147,57,regular,e5cf2b9c1030,
g_m_148_0,m_148,64,regular,e5cf2b9c1030,
g_m_148_1,m_148,68,regular,ff7a4e4e2fbd,
g_m_149_0,m_149,71,regular,87cbfe8348c5,
g_m_149_1,m_149,83,regular,87cbfe8348c5,
g_m_150_0,m_150,18,regular,aa4cc69224dc,
g_m_150_2,m_150,88,regular,87cbfe8348c5,
g_m_150_3,m_150,51,regular,2882857a72d6,
g_m_151_0,m_151,63,regular,3a28f43e887f,
g_m_151_1,m_151,76,regular,dc5740b61679,
g_m_151_3,m_151,55,regular,24a9f2d389df,
g_m_152_0,m_152,73,regular,4baffa9f4fb1,
g_m_152_2,m_152,108,regular,1cfc068f1a4c,
g_m_152_3,m_152,110,regular,783227883b14,
g_m_152_4,m_152,5,regular,4a00b0d1dda8,
g_m_152_5,m_152,28,regular,1abeb67e2e44,
g_m_155_2,m_155,40,regular,115f941f46ac,
g_m_157_0,m_157,90,regular,c2cfa905cc37,
g_m_158_0,m_158,69,regular,739d4fe59396,
g_m_158_1,m_158,85,regular,cd44b522066b,
g_m_158_2,m_158,90,regular,9e95621b5662,
g_m_159_0,m_159,80,regular,d26b91da6b67,
g_m_159_1,m_159,89,regular,848ab4ebb3c5,
g_m_159_2,m_159,44,regular,319713c6e4fd,
g_m_159_3,m_159,54,regular,319713c6e4fd,
g_m_159_4,m_159,60,regular,f80a4ee2ed5e,
g_m_161_2,m_161,25,regular,1275cd2c736f,
g_m_162_0,m_162,36,regular,cc2b89d5b273,
g_m_162_1,m_162,88,regular,cc2b89d5b273,
g_m_163_0,m_163,2,regular,1b8e4a831a8d,
g_m_164_1,m_164,76,regular,9e95621b5662,
g_m_164_2,m_164,38,regular,1b8e4a831a8d,
g_m_165_1,m_165,25,regular,fc77c98de11a,
g_m_166_0,m_166,16,regular,e5cf2b9c1030,
g_m_166_1,m_166,17,regular,e5cf2b9c1030,
g_m_166_2,m_166,77,regular,e5cf2b9c1030,
g_m_167_0,m_167,41,regular,6343fd378355,
g_m_167_1,m_167,59,regular,3228f51ce773,
g_m_167_2,m_167,38,regular,b15bd179fcc0,
g_m_167_3,m_167,72,regular,3c2d660d0e8a,
g_m_168_0,m_168,76,regular,b15bd179fcc0,
g_m_170_0,m_170,20,own_goal,33f6d49288ec,
g_m_172_0,m_172,31,regular,f4e5921f873e,
g_m_172_1,m_172,74,regular,4baffa9f4fb1,
g_m_172_2,m_172,54,regular,cc2b89d5b273,
g_m_173_0,m_173,15,regular,5ab5729b7478,
g_m_173_1,m_173,79,regular,a3af64b27463,
g_m_174_0,m_174,18,regular,5b5481e1ded4,
g_m_174_1,m_174,55,regular,5b5481e1ded4,
g_m_174_2,m_174,40,regular,319713c6e4fd,
g_m_174_3,m_174,72,regular,dd2b531a16df,
g_m_175_1,m_175,40,own_goal,b79fc04bd10d,
g_m_175_2,m_175,50,regular,87cbfe8348c5,
g_m_175_3,m_175,88,regular,aa4cc69224dc,
g_m_175_4,m_175,90,regular,aa4cc69224dc,
g_m_175_5,m_175,95,regular,905f6aeb0197,
g_m_175_6,m_175,62,regular,dd2b531a16df,
g_m_176_0,m_176,48,regular,1d052333bf21,
g_m_177_0,m_177,4,regular,6e63412a0676,
g_m_177_1,m_177,61,regular,6e63412a0676,
g_m_177_2,m_177,85,regular,6e63412a0676,
g_m_177_3,m_177,59,regular,e1de6f2f0269,
g_m_178_0,m_178,11,regular,24a9f2d389df,
g_m_178_1,m_178,53,regular,4baffa9f4fb1,
g_m_178_2,m_178,56,regular,1cfc068f1a4c,
g_m_178_3,m_178,63,regular,1cfc068f1a4c,
g_m_179_1,m_179,55,regular,4baffa9f4fb1,
g_m_179_2,m_179,68,regular,24a9f2d389df,
g_m_179_3,m_179,78,regular,572ef468184c,
g_m_179_4,m_179,80,regular,1b8e4a831a8d,
g_m_179_5,m_179,85,regular,1b8e4a831a8d,
g_m_180_0,m_180,18,regular,ea1f38214224,
g_m_180_1,m_180,49,regular,de1a453611ff,
g_m_180_2,m_180,54,regular,5c2fc7504a0d,
g_m_180_3,m_180,8,regular,1904fba8729e,
g_m_181_0,m_181,24,regular,c322f2eb28b8,
g_m_181_1,m_181,51,regular,5ab5729b7478,
g_m_181_2,m_181,57,regular,5ab5729b7478,
g_m_181_3,m_181,91,regular,495fb125af5f,
g_m_182_0,m_182,26,regular,70c0fc4ea8d4,
g_m_182_3,m_182,77,regular,ed109a043264,
g_m_182_5,m_182,32,regular,86bad41e390e,
g_m_182_6,m_182,61,regular,86bad41e390e,
g_m_183_1,m_183,29,regular,7beb7d9c9937,
g_m_183_2,m_183,77,regular,9d9280c51dd1,
g_m_184_1,m_184,68,own_goal,aa72acf1ecb2,
g_m_184_3,m_184,25,regular,cc2b89d5b273,
g_m_184_4,m_184,59,regular,b95283ae23f0,
g_m_184_5,m_184,86,regular,1275cd2c736f,
g_m_186_0,m_186,72,regular,ff42ecfeed0f,
g_m_186_1,m_186,74,regular,0eccb55a7527,
g_m_187_0,m_187,42,regular,3a28f43e887f,
g_m_188_0,m_188,25,regular,f8fe5fd1b69a,
g_m_188_1,m_188,62,regular,f02641b34ee5,
g_m_188_2,m_188,73,regular,fa1ff784a875,
g_m_189_0,m_189,27,regular,bf20b0a7d197,
g_m_189_1,m_189,54,regular,09eae7720e56,
g_m_190_0,m_190,7,regular,3a28f43e887f,
g_m_190_1,m_190,22,regular,3a28f43e887f,
g_m_190_2,m_190,55,regular,08f13bb83b57,
g_m_193_1,m_193,17,regular,86bad41e390e,
g_m_193_2,m_193,81,regular,840b800dab31,
g_m_193_3,m_193,48,regular,c1318245891b,
g_m_194_0,m_194,28,regular,cc2b89d5b273,
g_m_195_0,m_195,61,regular,fa1ff784a875,
g_m_196_0,m_196,25,regular,1b8e4a831a8d,
g_m_196_1,m_196,47,regular,e5cf2b9c1030,
g_m_196_2,m_196,77,regular,e5cf2b9c1030,
g_m_197_0,m_197,76,regular,e5cf2b9c1030,
g_m_197_1,m_197,105,regular,e5cf2b9c1030,
g_m_197_2,m_197,109,regular,e5cf2b9c1030,
g_m_197_3,m_197,112,regular,c47fbe672fac,
g_m_197_4,m_197,53,regular,4baffa9f4fb1,
g_m_197_5,m_197,78,own_goal,5ab5729b7478,
g_m_198_0,m_198,10,regular,e5cf2b9c1030,
g_m_198_1,m_198,73,regular,e5cf2b9c1030,
g_m_198_2,m_198,86,regular,e5cf2b9c1030,
g_m_199_1,m_199,16,regular,cc2b89d5b273,
g_m_199_2,m_199,42,regular,73486e236ffc,
g_m_201_0,m_201,33,regular,a8cdda7ded53,
g_m_201_1,m_201,44,regular,0eccb55a7527,
g_m_202_0,m_202,20,regular,e5cf2b9c1030,
g_m_202_1,m_202,64,regular,e5cf2b9c1030,
g_m_202_2,m_202,61,regular,5c2fc7504a0d,
g_m_202_3,m_202,90,regular,c47fbe672fac,
g_m_202_4,m_202,27,regular,a8cdda7ded53,
g_m_203_2,m_203,35,regular,3287d106d3c2,
g_m_203_3,m_203,71,regular,f1b88293d56f,
g_m_204_0,m_204,39,regular,0066c5203931,
g_m_204_2,m_204,67,regular,3a28f43e887f,
g_m_205_2,m_205,18,regular,26d1c73daeef,
g_m_206_0,m_206,8,regular,b1c1c24241f4,
g_m_206_1,m_206,17,regular,65bb176e3d34,
g_m_206_2,m_206,71,regular,2928d1000011,
g_m_207_3,m_207,29,regular,5d367464a821,
g_m_207_4,m_207,69,regular,6cbdc71bad72,
g_m_209_0,m_209,45,regular,e5cf2b9c1030,
g_m_209_1,m_209,83,regular,e5cf2b9c1030,
g_m_209_2,m_209,86,regular,ac8f9347ad1f,
g_m_209_3,m_209,33,regular,3228f51ce773,
g_m_210_0,m_210,71,regular,dd2b531a16df,
g_m_210_1,m_210,51,regular,e5cf2b9c1030,
g_m_210_2,m_210,80,regular,5c2fc7504a0d,
g_m_211_0,m_211,62,regular,d07be1172fe6,
g_m_211_1,m_211,75,regular,87cbfe8348c5,
g_m_212_0,m_212,3,regular,87cbfe8348c5,
g_m_212_1,m_212,63,regular,87cbfe8348c5,
g_m_213_2,m_213,53,regular,783227883b14,
g_m_213_3,m_213,79,regular,4baffa9f4fb1,
g_m_213_4,m_213,88,regular,4baffa9f4fb1,
g_m_214_0,m_214,59,regular,8ac04cff8c3b,
g_m_214_1,m_214,18,regular,1cfc068f1a4c,
g_m_214_3,m_214,84,regular,3a8de9d65163,
g_m_215_0,m_215,52,regular,492f86143972,
g_m_215_1,m_215,71,regular,f2cb32166f77,
g_m_216_0,m_216,52,regular,4f683da5ce47,
g_m_218_0,m_218,74,regular,dfee565983f7,
g_m_218_1,m_218,78,regular,dfee565983f7,
g_m_218_2,m_218,84,regular,c4d58fbc8f22,
g_m_219_0,m_219,3,regular,e5cf2b9c1030,
g_m_219_1,m_219,64,regular,e5cf2b9c1030,
g_m_219_2,m_219,72,regular,ac8f9347ad1f,
g_m_220_0,m_220,90,regular,e5cf2b9c1030,
g_m_220_1,m_220,2,regular,a8cdda7ded53,
g_m_220_2,m_220,37,regular,a8cdda7ded53,
g_m_220_3,m_220,61,regular,77a6815a792a,
g_m_221_0,m_221,32,regular,f8fe5fd1b69a,
g_m_221_1,m_221,37,own_goal,454f1c1885ee,
g_m_221_2,m_221,68,regular,1cfc068f1a4c,
g_m_223_0,m_223,38,own_goal,c1da84dcee49,
g_m_223_1,m_223,55,own_goal,bbd1d424173d,
g_m_223_4,m_223,80,regular,4f683da5ce47,
g_m_224_0,m_224,6,regular,4f683da5ce47,
g_m_224_1,m_224,58,regular,c1da84dcee49,
g_m_224_2,m_224,82,regular,bbd1d424173d,
g_m_225_0,m_225,12,regular,5d367464a821,
g_m_225_1,m_225,21,regular,8048d4e80887,
g_m_226_0,m_226,2,regular,b1c1c24241f4,
g_m_226_1,m_226,56,regular,5d367464a821,
g_m_226_2,m_226,77,regular,6cbdc71bad72,
g_m_227_0,m_227,36,regular,5d367464a821,
g_m_227_1,m_227,45,regular,5d367464a821,
g_m_227_3,m_227,61,regular,6cbdc71bad72,
g_m_227_4,m_227,69,regular,6cbdc71bad72,
g_m_227_5,m_227,81,regular,4f683da5ce47,
g_m_227_6,m_227,85,regular,223f94822fe0,
g_m_228_0,m_228,15,own_goal,566cec67a852,
g_m_228_1,m_228,52,regular,4f683da5ce47,
g_m_228_2,m_228,86,regular,23a282f02d77,
g_m_228_3,m_228,90,regular,23a282f02d77,
g_m_228_5,m_228,25,regular,3c1ff0974f75,
g_m_229_0,m_229,28,regular,d60478d48f97,
g_m_229_1,m_229,44,regular,ac8f9347ad1f,
g_m_229_2,m_229,57,regular,c47fbe672fac,
g_m_230_0,m_230,11,regular,ea1f38214224,
g_m_230_1,m_230,46,regular,ea1f38214224,
g_m_230_2,m_230,3,regular,d60478d48f97,
g_m_230_3,m_230,63,regular,3e1a47b16dec,
g_m_231_0,m_231,51,regular,ea1f38214224,
g_m_231_1,m_231,64,regular,33f6d49288ec,
g_m_231_2,m_231,83,regular,33f6d49288ec,
g_m_233_0,m_233,12,regular,cb58ece44851,
g_m_233_1,m_233,2,regular,c4d58fbc8f22,
g_m_233_2,m_233,30,regular,c4d58fbc8f22,
g_m_233_3,m_233,94,regular,86028b993daf,
g_m_234_0,m_234,70,regular,3654aff8075b,
g_m_234_1,m_234,76,regular,3654aff8075b,
g_m_235_0,m_235,26,regular,58cf30e38068,
g_m_235_1,m_235,52,regular,a146813a0629,
g_m_235_2,m_235,117,regular,036f7bcbf2a2,
g_m_235_3,m_235,37,regular,c1da84dcee49,
g_m_236_0,m_236,75,regular,96e7e1e2abc0,
g_m_236_1,m_236,60,regular,ea1f38214224,
g_m_236_2,m_236,87,regular,c47fbe672fac,
g_m_237_0,m_237,70,regular,c47fbe672fac,
g_m_237_1,m_237,7,regular,96e7e1e2abc0,
g_m_237_2,m_237,18,regular,e061246265ff,
g_m_237_3,m_237,62,regular,ee1a40efd034,
g_m_238_0,m_238,47,regular,0066c5203931,
g_m_238_1,m_238,83,regular,eeb417169ec2,
g_m_238_2,m_238,86,regular,df7ace2556f5,
g_m_239_0,m_239,49,regular,3287d106d3c2,
g_m_240_0,m_240,6,regular,6a0e6980fa03,
g_m_241_0,m_241,17,regular,87cbfe8348c5,
g_m_241_1,m_241,78,regular,87cbfe8348c5,
g_m_241_2,m_241,31,regular,ac3f74a5bc94,
g_m_241_5,m_241,58,regular,b8853bcece43,
g_m_243_2,m_243,69,regular,ff08a32d6d85,
g_m_243_3,m_243,39,own_goal,5d69be0d1aca,
g_m_245_0,m_245,27,regular,64e941ddecb3,
g_m_245_1,m_245,48,regular,64e941ddecb3,
g_m_245_2,m_245,86,regular,64e941ddecb3,
g_m_246_0,m_246,38,regular,aa31488e2248,
g_m_246_1,m_246,45,regular,aa31488e2248,
g_m_246_4,m_246,90,regular,70c0fc4ea8d4,
g_m_247_3,m_247,56,regular,70c0fc4ea8d4,
g_m_247_4,m_247,71,regular,01ecfb82eecb,
g_m_247_5,m_247,78,regular,b6a940b223bc,
g_m_247_6,m_247,84,regular,b1c1c24241f4,
g_m_248_1,m_248,26,regular,6cbdc71bad72,
g_m_249_1,m_249,65,regular,5d367464a821,
g_m_249_2,m_249,77,regular,6cbdc71bad72,
g_m_249_3,m_249,84,regular,ff08a32d6d85,
g_m_250_0,m_250,78,regular,6bd46dac865d,
g_m_251_0,m_251,4,regular,70c0fc4ea8d4,
g_m_251_1,m_251,21,regular,70c0fc4ea8d4,
g_m_251_3,m_251,11,regular,26d1c73daeef,
g_m_251_4,m_251,7,regular,45abe67cf53e,
g_m_251_5,m_251,10,regular,45abe67cf53e,
g_m_251_6,m_251,73,regular,df7ace2556f5,
g_m_252_0,m_252,46,regular,e061246265ff,
g_m_252_1,m_252,45,regular,64e941ddecb3,
g_m_253_0,m_253,28,regular,64e941ddecb3,
g_m_253_1,m_253,34,regular,4927d6c0f311,
g_m_253_2,m_253,67,regular,bc94bfa88d59,
g_m_254_0,m_254,12,own_goal,4da39fbe12d1,
g_m_255_0,m_255,16,regular,87cbfe8348c5,
g_m_255_1,m_255,20,regular,87cbfe8348c5,
g_m_255_2,m_255,61,regular,ac3f74a5bc94,
g_m_256_0,m_256,15,regular,4927d6c0f311,
g_m_257_0,m_257,5,regular,bc94bfa88d59,
g_m_257_1,m_257,35,regular,96e7e1e2abc0,
g_m_257_2,m_257,55,regular,b1ec463711a5,
g_m_257_3,m_257,59,regular,b1ec463711a5,
g_m_257_4,m_257,96,regular,b1ec463711a5,
g_m_258_1,m_258,75,regular,87cbfe8348c5,
g_m_258_2,m_258,82,regular,87cbfe8348c5,
g_m_259_0,m_259,7,regular,ca22d72cb0ed,
g_m_259_1,m_259,54,regular,3c1ff0974f75,
g_m_259_2,m_259,56,regular,3c1ff0974f75,
g_m_259_3,m_259,79,regular,ca22d72cb0ed,
g_m_260_0,m_260,2,regular,5d367464a821,
g_m_260_1,m_260,87,regular,ca22d72cb0ed,
g_m_262_0,m_262,43,regular,3c1ff0974f75,
g_m_262_1,m_262,94,regular,6cbdc71bad72,
g_m_262_2,m_262,97,regular,5ef450ccb815,
g_m_262_3,m_262,105,regular,5ef450ccb815,
g_m_262_4,m_262,120,regular,402760b40ab0,
g_m_263_0,m_263,69,regular,973591260143,
g_m_263_1,m_263,77,regular,973591260143,
g_m_263_2,m_263,75,regular,0b4b53cec1ab,
g_m_264_0,m_264,28,regular,0b4b53cec1ab,
g_m_264_1,m_264,45,regular,cb58ece44851,
g_m_265_0,m_265,60,regular,73486e236ffc,
g_m_265_1,m_265,78,regular,b1c1c24241f4,
g_m_265_2,m_265,83,regular,b15bd179fcc0,
g_m_266_0,m_266,9,regular,70c0fc4ea8d4,
g_m_266_1,m_266,68,regular,b1c1c24241f4,
g_m_266_2,m_266,28,regular,ea1f38214224,
g_m_267_0,m_267,31,regular,b8853bcece43,
g_m_268_0,m_268,43,regular,64e941ddecb3,
g_m_268_1,m_268,60,regular,64e941ddecb3,
g_m_268_2,m_268,12,regular,bf0c797f4201,
g_m_269_0,m_269,58,regular,0b53aaa7aa94,
g_m_270_0,m_270,10,regular,c88b89ea0a48,
g_m_270_1,m_270,21,regular,c88b89ea0a48,
g_m_270_2,m_270,87,regular,167b778ea8f8,
g_m_271_0,m_271,16,regular,fcee2d691a24,
g_m_271_1,m_271,62,regular,fcee2d691a24,
g_m_271_2,m_271,42,regular,da7493b0cf45,
g_m_271_3,m_271,57,regular,f57bc2d7e3df,
g_m_271_4,m_271,66,regular,68acd6dec1bb,
g_m_272_0,m_272,21,regular,501b451aa71e,
g_m_272_1,m_272,51,regular,501b451aa71e,
g_m_272_2,m_272,67,regular,500a3cb51d28,
g_m_272_3,m_272,3,regular,da7493b0cf45,
g_m_272_4,m_272,43,regular,da7493b0cf45,
g_m_272_5,m_272,71,regular,da7493b0cf45,
g_m_272_6,m_272,82,regular,da7493b0cf45,
g_m_273_0,m_273,51,regular,9fd9de8500f4,
g_m_273_1,m_273,54,regular,9fd9de8500f4,
g_m_273_2,m_273,76,regular,4baffa9f4fb1,
g_m_274_0,m_274,10,regular,4baffa9f4fb1,
g_m_274_1,m_274,84,regular,4baffa9f4fb1,
g_m_274_2,m_274,24,regular,3d710f122152,
g_m_274_3,m_274,76,regular,79c4af8eccb3,
g_m_274_4,m_274,44,regular,b1aae2ae82ea,
g_m_275_0,m_275,30,regular,c322f2eb28b8,
g_m_275_1,m_275,57,regular,6494a7242c3a,
g_m_276_0,m_276,10,regular,e7d6be3c6228,
g_m_276_1,m_276,23,regular,87cbfe8348c5,
g_m_276_3,m_276,45,regular,1904fba8729e,
g_m_277_0,m_277,27,regular,14d953aca59f,
g_m_277_1,m_277,90,regular,5f5c9e60f31f,
g_m_277_2,m_277,93,regular,6ce519ebff47,
g_m_278_0,m_278,51,regular,c8424cd1b715,
g_m_278_1,m_278,88,regular,6a347be2a9ab,
g_m_279_0,m_279,7,own_goal,f4e5921f873e,
g_m_279_4,m_279,22,regular,3d710f122152,
g_m_279_5,m_279,28,regular,9fd9de8500f4,
g_m_279_6,m_279,63,regular,d60478d48f97,
g_m_279_7,m_279,82,regular,4baffa9f4fb1,
g_m_279_8,m_279,85,regular,a2ae4c60f299,
g_m_279_9,m_279,89,regular,a2ae4c60f299,
g_m_280_0,m_280,69,regular,b15bd179fcc0,
g_m_280_1,m_280,24,regular,a1e86dc8c154,
g_m_281_0,m_281,13,regular,5f5c9e60f31f,
g_m_281_1,m_281,42,regular,5b5481e1ded4,
g_m_281_2,m_281,56,regular,cb58ece44851,
g_m_282_0,m_282,18,regular,9fd9de8500f4,
g_m_282_1,m_282,33,regular,9fd9de8500f4,
g_m_282_2,m_282,88,regular,4baffa9f4fb1,
g_m_283_0,m_283,59,regular,783227883b14,
g_m_284_0,m_284,27,regular,87cbfe8348c5,
g_m_284_4,m_284,70,regular,6a9ec742fe10,
g_m_285_1,m_285,37,regular,87cbfe8348c5,
g_m_286_0,m_286,2,regular,dfa09e52a314,
g_m_286_1,m_286,46,regular,a146813a0629,
g_m_286_2,m_286,82,regular,bc5d284b0bd0,
g_m_287_0,m_287,49,regular,bc5d284b0bd0,
g_m_287_1,m_287,63,regular,bc5d284b0bd0,
g_m_287_2,m_287,117,regular,9f59dac8ac6f,
g_m_287_3,m_287,19,regular,1b3070319483,
g_m_287_4,m_287,115,regular,1b3070319483,
g_m_288_0,m_288,53,regular,5d367464a821,
g_m_289_0,m_289,70,regular,5d367464a821,
g_m_290_0,m_290,7,regular,da2124ee3e3d,
g_m_290_1,m_290,84,regular,a8d4707cd386,
g_m_290_2,m_290,27,regular,973591260143,
g_m_290_3,m_290,43,regular,973591260143,
g_m_290_4,m_290,19,regular,8babbb37be7a,
g_m_291_0,m_291,35,regular,973591260143,
g_m_291_1,m_291,54,regular,973591260143,
g_m_291_2,m_291,68,regular,39ddbde1b26e,
g_m_291_3,m_291,96,regular,39ddbde1b26e,
g_m_292_0,m_292,68,regular,af23716893a2,
g_m_293_0,m_293,34,regular,316580a9dc3a,
g_m_293_1,m_293,94,regular,21477858a052,
g_m_294_0,m_294,49,regular,617c6892dd62,
g_m_294_1,m_294,9,regular,4baffa9f4fb1,
g_m_294_2,m_294,24,regular,afa025c22fde,
g_m_294_4,m_294,47,own_goal,60775625558e,
g_m_295_0,m_295,33,regular,4baffa9f4fb1,
g_m_295_1,m_295,73,regular,808a2a0f2de1,
g_m_295_2,m_295,82,regular,5ae068a55d22,
g_m_296_0,m_296,86,regular,f675bce61bbf,
g_m_297_0,m_297,34,regular,ea1f38214224,
g_m_297_1,m_297,60,regular,5ab5729b7478,
g_m_297_2,m_297,84,regular,c47fbe672fac,
g_m_297_3,m_297,83,regular,121f51a72ec8,
g_m_298_0,m_298,29,regular,26d1c73daeef,
g_m_298_1,m_298,65,regular,b1c1c24241f4,
g_m_299_0,m_299,12,regular,b15bd179fcc0,
g_m_300_2,m_300,36,regular,c47fbe672fac,
g_m_300_3,m_300,51,regular,5d367464a821,
g_m_302_0,m_302,19,regular,b15bd179fcc0,
g_m_302_1,m_302,90,regular,b6a940b223bc,
g_m_302_2,m_302,84,regular,c1318245891b,
g_m_303_0,m_303,15,regular,f10b5e419940,
g_m_303_1,m_303,55,regular,b91ea0aeb9f8,
g_m_303_2,m_303,75,regular,b6a940b223bc,
g_m_304_0,m_304,37,regular,808a2a0f2de1,
g_m_304_4,m_304,28,regular,5f5c9e60f31f,
g_m_305_0,m_305,40,regular,808a2a0f2de1,
g_m_306_0,m_306,32,regular,3090ed2565b5,
g_m_306_1,m_306,85,regular,141d495180ec,
g_m_307_0,m_307,94,regular,dfa09e52a314,
g_m_308_0,m_308,29,regular,ea1f38214224,
g_m_308_1,m_308,14,regular,338e02362c4f,
g_m_309_0,m_309,28,regular,3265ff0881e3,
g_m_309_1,m_309,85,regular,3090ed2565b5,
g_m_310_0,m_310,15,regular,5f5c9e60f31f,
g_m_310_1,m_310,64,regular,b15bd179fcc0,
g_m_310_2,m_310,71,regular,b91ea0aeb9f8,
g_m_311_0,m_311,11,regular,b91ea0aeb9f8,
g_m_311_1,m_311,63,regular,b91ea0aeb9f8,
g_m_312_0,m_312,42,regular,510411fa825c,
g_m_314_0,m_314,61,regular,ea1f38214224,
g_m_314_1,m_314,76,regular,ea1f38214224,
g_m_314_2,m_314,78,regular,ea1f38214224,
g_m_315_0,m_315,7,regular,b91ea0aeb9f8,
g_m_315_1,m_315,17,regular,26d1c73daeef,
g_m_315_2,m_315,44,regular,26d1c73daeef,
g_m_315_3,m_315,32,regular,b6a940b223bc,
g_m_315_4,m_315,58,regular,70c0fc4ea8d4,
g_m_317_0,m_317,75,regular,6cbdc71bad72,
g_m_317_1,m_317,83,regular,5d367464a821,
g_m_318_0,m_318,61,regular,4c04be5bdedd,
g_m_319_0,m_319,21,regular,0db30363741b,
g_m_319_1,m_319,90,regular,783227883b14,
g_m_320_0,m_320,12,regular,4baffa9f4fb1,
g_m_320_1,m_320,21,regular,4baffa9f4fb1,
g_m_320_2,m_320,23,regular,4baffa9f4fb1,
g_m_320_3,m_320,31,regular,9fd9de8500f4,
g_m_320_7,m_320,70,regular,dcbb79aafc43,
g_m_321_0,m_321,8,regular,510411fa825c,
g_m_321_1,m_321,63,regular,338e02362c4f,
g_m_322_0,m_322,38,regular,aa7df428fddf,
g_m_322_1,m_322,45,regular,338e02362c4f,
g_m_322_2,m_322,71,regular,e2cee9fdae7a,
g_m_323_0,m_323,66,regular,4a92b17ad862,
g_m_323_1,m_323,1,regular,099eb45454cc,
g_m_324_0,m_324,78,regular,b41e43841dba,
g_m_324_1,m_324,85,regular,e420846446ac,
g_m_324_2,m_324,92,regular,4a92b17ad862,
g_m_325_1,m_325,80,regular,4ec5742c9971,
g_m_326_0,m_326,41,regular,22637435550c,
g_m_327_0,m_327,72,regular,44030586796b,
g_m_327_1,m_327,26,own_goal,fa5c3ce775c3,
g_m_327_2,m_327,18,regular,ee1a40efd034,
g_m_327_3,m_327,29,regular,fa5c3ce775c3,
g_m_329_0,m_329,70,regular,b15bd179fcc0,
g_m_332_1,m_332,55,regular,6cbdc71bad72,
g_m_332_2,m_332,65,regular,6cbdc71bad72,
g_m_332_3,m_332,32,regular,b17020d39b7e,
g_m_332_4,m_332,73,regular,44030586796b,
g_m_333_0,m_333,40,regular,510411fa825c,
g_m_333_1,m_333,21,regular,ea1f38214224,
g_m_333_2,m_333,24,regular,ea1f38214224,
g_m_333_3,m_333,46,regular,ea1f38214224,
g_m_334_0,m_334,80,regular,1fa142db7517,
g_m_334_1,m_334,96,regular,ea1f38214224,
g_m_334_2,m_334,15,regular,3090ed2565b5,
g_m_334_4,m_334,75,regular,3265ff0881e3,
g_m_335_0,m_335,8,regular,4a92b17ad862,
g_m_336_0,m_336,52,regular,4baffa9f4fb1,
g_m_336_1,m_336,88,regular,d69215dbc911,
g_m_337_0,m_337,2,regular,b15bd179fcc0,
g_m_337_1,m_337,11,regular,b1c1c24241f4,
g_m_337_2,m_337,53,regular,b6a940b223bc,
g_m_337_3,m_337,74,regular,26d1c73daeef,
g_m_337_4,m_337,33,regular,ea1f38214224,
g_m_337_5,m_337,82,regular,ea1f38214224,
g_m_338_0,m_338,90,regular,1fa142db7517,
g_m_338_1,m_338,91,regular,1fa142db7517,
g_m_338_2,m_338,95,regular,ea1f38214224,
g_m_338_3,m_338,73,regular,b91ea0aeb9f8,
g_m_339_0,m_339,53,own_goal,7eba5bb3a2ea,
g_m_340_0,m_340,3,regular,c94c20fd0a5f,
g_m_340_1,m_340,41,regular,b95a2bd55f07,
g_m_340_2,m_340,62,regular,5129ca519098,
g_m_342_0,m_342,53,regular,783227883b14,
g_m_343_0,m_343,61,regular,808a2a0f2de1,
g_m_343_1,m_343,89,regular,9fd9de8500f4,
g_m_344_0,m_344,7,regular,ce475f3e87a4,
g_m_346_1,m_346,88,regular,d86709ea06f1,
g_m_347_0,m_347,38,regular,b17020d39b7e,
g_m_347_1,m_347,57,regular,b17020d39b7e,
g_m_347_2,m_347,67,regular,b17020d39b7e,
g_m_347_4,m_347,77,regular,d86709ea06f1,
g_m_347_5,m_347,87,regular,be1df6969d53,
g_m_348_0,m_348,63,regular,17adcf170c32,
g_m_349_0,m_349,43,regular,ad24d3df31c2,
g_m_349_1,m_349,53,regular,510411fa825c,
g_m_350_1,m_350,14,regular,5d367464a821,
g_m_350_5,m_350,55,regular,ea1f38214224,
g_m_350_6,m_350,67,regular,ea1f38214224,
g_m_351_0,m_351,78,regular,ea1f38214224,
g_m_352_0,m_352,40,regular,545367b1c028,
g_m_352_1,m_352,65,regular,61ae3ecd5471,
g_m_353_0,m_353,45,regular,545367b1c028,
g_m_353_1,m_353,53,regular,545367b1c028,
g_m_353_2,m_353,64,regular,ee95c371c2fa,
g_m_354_0,m_354,86,regular,c213f2ae3837,
g_m_356_0,m_356,70,regular,c3ad8cb3f20f,
g_m_356_1,m_356,27,regular,b91ea0aeb9f8,
g_m_357_0,m_357,22,regular,8469123b66d0,
g_m_357_1,m_357,24,regular,8469123b66d0,
g_m_357_2,m_357,45,regular,8469123b66d0,
g_m_357_3,m_357,53,regular,8469123b66d0,
g_m_357_4,m_357,57,regular,8469123b66d0,
g_m_357_6,m_357,92,regular,b15bd179fcc0,
g_m_358_0,m_358,21,regular,ea1f38214224,
g_m_358_1,m_358,74,regular,c47fbe672fac,
g_m_359_0,m_359,58,regular,1fa142db7517,
g_m_359_1,m_359,80,regular,1fa142db7517,
g_m_360_0,m_360,51,regular,61b790b8cbed,
g_m_360_1,m_360,82,regular,c213f2ae3837,
g_m_361_0,m_361,14,regular,61b790b8cbed,
g_m_361_1,m_361,65,regular,4c04be5bdedd,
g_m_361_2,m_361,78,regular,43aff0156b33,
g_m_361_3,m_361,38,regular,5c1587036297,
g_m_361_4,m_361,86,regular,38f2650349aa,
g_m_361_5,m_361,95,regular,f6823a975066,
g_m_362_0,m_362,27,regular,31c12d47b976,
g_m_362_1,m_362,70,regular,26d1c73daeef,
g_m_362_2,m_362,76,regular,8469123b66d0,
g_m_363_0,m_363,83,regular,d60478d48f97,
g_m_363_1,m_363,57,regular,8469123b66d0,
g_m_364_0,m_364,40,regular,f64ea0c9f4f0,
g_m_365_0,m_365,93,regular,545367b1c028,
g_m_365_1,m_365,43,regular,a5482ee8a5ae,
g_m_366_1,m_366,67,regular,b15bd179fcc0,
g_m_367_0,m_367,23,regular,26d1c73daeef,
g_m_367_1,m_367,37,regular,26d1c73daeef,
g_m_367_2,m_367,76,regular,846eb7b7cb04,
g_m_368_0,m_368,8,regular,4f683da5ce47,
g_m_368_1,m_368,11,regular,74107095539b,
g_m_369_0,m_369,74,regular,4c04be5bdedd,
g_m_370_0,m_370,68,regular,31c12d47b976,
g_m_371_0,m_371,34,regular,59ece453fcfe,
g_m_371_1,m_371,10,regular,b15bd179fcc0,
g_m_371_2,m_371,45,regular,26d1c73daeef,
g_m_371_3,m_371,92,regular,b6a940b223bc,
g_m_372_0,m_372,5,regular,846eb7b7cb04,
g_m_372_2,m_372,45,regular,8469123b66d0,
g_m_372_3,m_372,29,regular,65bb176e3d34,
g_m_373_0,m_373,48,regular,40b8a8013abe,
g_m_375_1,m_375,70,regular,df4d61504ac2,
g_m_376_0,m_376,89,regular,7bd670c6e1a4,
g_m_377_0,m_377,69,regular,6b31469daa34,
g_m_378_0,m_378,38,regular,a06e4f4dfb07,
g_m_378_1,m_378,66,regular,a06e4f4dfb07,
g_m_379_0,m_379,79,regular,baa4fd277dc8,
g_m_380_0,m_380,35,regular,cc2b89d5b273,
g_m_380_1,m_380,87,regular,8e4bd1e5e41c,
g_m_380_2,m_380,33,regular,b2b240b80b52,
g_m_381_0,m_381,20,regular,44998e88294c,
g_m_382_2,m_382,18,regular,93d8ce115363,
g_m_383_0,m_383,94,regular,c7593b0a31b3,
g_m_384_0,m_384,41,regular,d9b94568f47a,
g_m_385_0,m_385,60,regular,4a4244517706,
g_m_385_1,m_385,75,regular,545367b1c028,
g_m_386_1,m_386,17,regular,0fb2f28e4b15,
g_m_386_2,m_386,83,regular,4a4244517706,
g_m_386_3,m_386,30,regular,fa0919a93c47,
g_m_387_0,m_387,12,regular,546d79488c0b,
g_m_387_1,m_387,76,regular,d9b94568f47a,
g_m_387_2,m_387,18,regular,9fd9de8500f4,
g_m_387_3,m_387,32,regular,a06e4f4dfb07,
g_m_388_0,m_388,63,regular,d60478d48f97,
g_m_389_0,m_389,2,regular,26d1c73daeef,
g_m_389_1,m_389,12,regular,27866d691e36,
g_m_389_2,m_389,14,regular,1fa142db7517,
g_m_389_3,m_389,66,regular,b6a940b223bc,
g_m_389_4,m_389,71,regular,92f2a8ef2d68,
g_m_389_5,m_389,79,regular,1b573cc98afe,
g_m_390_0,m_390,76,regular,b15bd179fcc0,
g_m_390_1,m_390,12,regular,1fa142db7517,
g_m_391_0,m_391,48,regular,5f5c10c7820d,
g_m_391_1,m_391,51,regular,5da03b59e3eb,
g_m_391_2,m_391,37,regular,841a7b96b432,
g_m_391_3,m_391,62,regular,841a7b96b432,
g_m_391_4,m_391,77,regular,cd7cd98a629d,
g_m_392_0,m_392,12,regular,841a7b96b432,
g_m_392_1,m_392,40,regular,5f5c10c7820d,
g_m_392_2,m_392,54,regular,5da03b59e3eb,
g_m_393_0,m_393,4,regular,f0fbba6c6171,
g_m_393_1,m_393,32,regular,2b556c9b615c,
g_m_393_2,m_393,81,regular,4331c36b77e2,
g_m_394_0,m_394,34,regular,e4da6975c82b,
g_m_394_1,m_394,39,regular,642c48f07c6d,
g_m_394_3,m_394,74,regular,0e5910684c42,
g_m_394_4,m_394,49,own_goal,90183a6e9f1a,
g_m_394_5,m_394,64,regular,656de3941a48,
g_m_395_1,m_395,57,regular,a06e4f4dfb07,
g_m_396_0,m_396,88,regular,212355cfe2d1,
g_m_396_1,m_396,91,regular,212355cfe2d1,
g_m_396_2,m_396,68,regular,6d4f522177e9,
g_m_398_0,m_398,50,regular,90183a6e9f1a,
g_m_399_0,m_399,74,regular,69caa6524eef,
g_m_402_0,m_402,30,regular,099eb45454cc,
g_m_402_1,m_402,85,regular,f0a5827ba84d,
g_m_403_1,m_403,15,regular,ceb84377b4da,
g_m_405_0,m_405,22,regular,de2b0b1425e6,
g_m_407_0,m_407,30,regular,688027b605f7,
g_m_407_1,m_407,45,regular,24f7a639147e,
g_m_408_0,m_408,55,regular,0e6f15495cb1,
g_m_408_1,m_408,40,regular,ade708e7b3f0,
g_m_409_0,m_409,20,regular,de2b0b1425e6,
g_m_409_1,m_409,10,regular,f434ade66351,
g_m_410_0,m_410,10,regular,a06e4f4dfb07,
g_m_411_0,m_411,15,regular,5cc5f1dd0b25,
g_m_411_1,m_411,40,regular,75e477413de4,
g_m_412_0,m_412,3,regular,df4d61504ac2,
g_m_413_0,m_413,20,regular,44998e88294c,
g_m_413_1,m_413,45,regular,099eb45454cc,
g_m_414_0,m_414,10,regular,add70415a029,
g_m_416_1,m_416,60,regular,cc2b89d5b273,
g_m_417_0,m_417,55,regular,f0a5827ba84d,
g_m_418_0,m_418,40,regular,ceb84377b4da,
g_m_418_1,m_418,65,regular,1abc0b30e55f,
g_m_419_0,m_419,10,regular,688027b605f7,
g_m_419_1,m_419,2,regular,09e2cedaa865,
g_m_420_0,m_420,12,regular,4c04be5bdedd,
g_m_421_0,m_421,22,regular,a06e4f4dfb07,
g_m_422_0,m_422,28,regular,4a4244517706,
g_m_423_1,m_423,33,regular,5d367464a821,
g_m_424_0,m_424,15,regular,531303ab23cd,
g_m_424_1,m_424,80,regular,de2b0b1425e6,
g_m_426_0,m_426,82,regular,5f5c10c7820d,
g_m_427_0,m_427,2,regular,a06e4f4dfb07,
g_m_428_1,m_428,44,regular,ceb84377b4da,
g_m_429_0,m_429,20,regular,09e2cedaa865,
g_m_430_1,m_430,20,regular,44998e88294c,
g_m_431_0,m_431,72,regular,cc2b89d5b273,
g_m_432_0,m_432,31,regular,a06e4f4dfb07,
g_m_432_1,m_432,12,regular,4c04be5bdedd,
g_m_433_0,m_433,10,regular,546d79488c0b,
g_m_434_0,m_434,15,regular,841a7b96b432,
g_m_435_0,m_435,12,regular,df4d61504ac2,
g_m_435_1,m_435,33,regular,09e2cedaa865,
g_m_436_0,m_436,2,regular,09e2cedaa865,
g_m_437_0,m_437,2,regular,ceb84377b4da,
g_m_438_0,m_438,10,regular,04dc7f01d093,
g_m_438_1,m_438,44,regular,546d79488c0b,
g_m_440_0,m_440,65,regular,df4d61504ac2,
g_m_441_1,m_441,2,regular,4c04be5bdedd,
g_m_442_0,m_442,15,regular,4c04be5bdedd,
g_m_442_1,m_442,2,regular,841a7b96b432,
g_m_443_1,m_443,40,regular,546d79488c0b,
g_m_444_0,m_444,12,regular,6f0fb9249ce1,
g_m_444_1,m_444,20,regular,b20c3ee25fc7,
g_m_444_2,m_444,63,regular,b20c3ee25fc7,
g_m_444_3,m_444,73,regular,c81b6bbf5dc9,
g_m_444_4,m_444,86,regular,259b2cfbdf06,
